[	
	// Fauna
	{
		"name": "Capybara",
		"resourceType": "Bonus",
		"terrainsCanBeFoundOn": ["Grassland","Plains"],
		"food": 1,
		"improvement": "Pasture",
		"improvementStats": {"food": 1},
	},
	{
		"name": "Pigs",
		"resourceType": "Bonus",
		"terrainsCanBeFoundOn": ["Grassland", "Plains"],
		"food": 1,
		"improvement": "Pasture",
		"improvementStats": {"food": 2},
	},
	{
		"name": "Chickens",
		"resourceType": "Bonus",
		"terrainsCanBeFoundOn": ["Plains"],
		"food": 1,
		"improvement": "Pasture",
		"improvementStats": {"food": 1},
	},
	{
		"name": "Bulls",
		"resourceType": "Luxury",
		"terrainsCanBeFoundOn": ["Hill", "Grassland"],
		"gold": 1,
		"improvement": "Pasture",
		"improvementStats": {"production": 1,"gold": 1},
	},
	{
		"name": "Parrots",
		"resourceType": "Luxury",
		"terrainsCanBeFoundOn": ["Forest", "Jungle"],
		"gold": 1,
		"improvement": "Camp", //exclusive improvement soon!
		"improvementStats": {"gold": 1},
	},
	{
		"name": "Guinea Pigs",
		"resourceType": "Bonus",
		"terrainsCanBeFoundOn": ["Grassland","Plains"],
		"Food": 1,
		"improvement": "Pasture",
		"improvementStats": {"food": 1},
	},
	{
		"name": "Llamas",
		"resourceType": "Luxury",
		"terrainsCanBeFoundOn": ["Hill", "Grassland"],
		"gold": 1,
		"improvement": "Pasture",
		"improvementStats": {"gold": 1, "production": 1},
	},
	{
		"name": "Goats",
		"resourceType": "Luxury",
		"terrainsCanBeFoundOn": ["Hill",],
		"gold": 1,
		"improvement": "Pasture",
		"improvementStats": {"gold": 1, "food": 1},
	},
	{
		"name": "Shrimps",
		"resourceType": "Luxury",
		"terrainsCanBeFoundOn": ["Coast"],
		"food": 1,
		"improvement": "Fishing Boats",
		"improvementStats": {"gold": 1, "food": 1},
	},
	{
		"name": "Octopus",
		"resourceType": "Luxury",
		"terrainsCanBeFoundOn": ["Coast"],
		"food": 1,
		"improvement": "Fishing Boats",
		"improvementStats": {"gold": 1, "food": 1},
	},
	{
		"name": "Turkey",
		"resourceType": "Bonus",
		"terrainsCanBeFoundOn": ["Hill", "Grassland"],
		"food": 1,
		"improvement": "Pasture",
		"improvementStats": {"food": 1},
	},
	//Flora Soon!
]
